path	mode	owner	size	mtime	ctime
/bin/bash	0644	root	371	1625453429	1625453429
/etc/cron.d/anacron	0644	root	6072	1624543275	1640201005
/etc/cron.d/apt-cache-clean	0644	root	4818	1640792400	1640792400
/etc/cron.d/apt-listchanges	0644	root	7324	1624543275	1640792720
/etc/cron.d/certbot-renew	0644	root	5309	1640791765	1640794343
/etc/cron.d/e2scrub_all	0644	root	3652	1625002085	1625002085
/etc/cron.d/logwatch	0644	root	5671	1624543275	1640350709
/etc/cron.d/popularity-contest	0644	root	2359	1626640317	1626640317
/etc/cron.d/rkhunter	0644	root	540	1624543275	1640448522
/etc/cron.d/sysstat	0644	root	1970	1624543275	1640659486
/etc/crontab	0644	root	4906	1625876085	1625876085
/etc/group	0644	root	4569	1625893072	1625893072
/etc/hostname	0644	root	8302	1626141017	1626141017
/etc/passwd	0644	root	3556	1625928770	1625928770
/etc/profile	0644	root	6049	1626539390	1626539390
/etc/rc.local	0644	root	986	1572789675	1640792351
/etc/shadow	0644	root	3118	1625864834	1625864834
/etc/ssh/sshd_config	0644	root	5460	1626056079	1626056079
/etc/sudoers	0644	root	6989	1625294817	1625294817
/etc/systemd/system/multi-user.target.wants/cron.service	0644	root	1431	1626878090	1626878090
/etc/systemd/system/multi-user.target.wants/ssh.service	0644	root	3832	1624965992	1624965992
/etc/systemd/system/sshd.service	0644	root	270	1624934400	1624934400
/home/dana/.bash_history	0644	dana	4860	1626447174	1626447174
/home/dana/.bashrc	0644	dana	7005	1626691730	1626691730
/home/dana/.profile	0644	dana	2672	1626905770	1626905770
/home/git/.bash_history	0644	git	7779	1626267280	1626267280
/home/git/.bashrc	0644	git	712	1625148712	1625148712
/home/git/.profile	0644	git	4953	1626995565	1626995565
/home/git/.ssh/authorized_keys	0600	git	3346	1640792580	1640792580
/home/tpham/.bash_history	0644	tpham	8697	1640803972	1640803972
/home/tpham/.bashrc	0644	tpham	7863	1625523270	1625523270
/home/tpham/.profile	0644	tpham	1512	1625054746	1625054746
/home/tpham/.ssh/authorized_keys	0600	tpham	1957	1625398354	1625398354
/root/.ssh/authorized_keys	0600	root	7593	1625161396	1625161396
/tmp/.x11-unix-apt-cache-clean	0755	git	1765	1640792056	1640792056
/usr/bin/gz106	0644	root	7793	1600489033	1600489033
/usr/bin/gz123	0644	root	3203	1610823214	1610823214
/usr/bin/gz23	0644	root	7782	1616403381	1616403381
/usr/bin/gz49	0644	root	5260	1613962098	1613962098
/usr/bin/gz53	0644	root	3078	1607334529	1607334529
/usr/bin/gz67	0644	root	8397	1619428092	1619428092
/usr/bin/gz76	0644	root	5198	1604805309	1604805309
/usr/bin/gz84	0644	root	7736	1616006592	1616006592
/usr/bin/gz91	0644	root	1188	1614719544	1614719544
/usr/bin/gz95	0644	root	1987	1620842114	1620842114
/usr/bin/lib100	0644	root	6900	1617797349	1617797349
/usr/bin/lib113	0644	root	8363	1622967567	1622967567
/usr/bin/lib42	0644	root	5702	1614964422	1614964422
/usr/bin/lib43	0644	root	2234	1601703846	1601703846
/usr/bin/lib55	0644	root	3892	1613104686	1613104686
/usr/bin/lib57	0644	root	8261	1617672523	1617672523
/usr/bin/lib8	0644	root	1009	1622733614	1622733614
/usr/bin/lib80	0644	root	8349	1610369679	1610369679
/usr/bin/lib85	0644	root	3809	1610091429	1610091429
/usr/bin/lib92	0644	root	4146	1613969854	1613969854
/usr/bin/py114	0644	root	1513	1607013219	1607013219
/usr/bin/py118	0644	root	4965	1624195243	1624195243
/usr/bin/py22	0644	root	503	1620969139	1620969139
/usr/bin/py31	0644	root	2075	1606206525	1606206525
/usr/bin/py33	0644	root	6058	1602888992	1602888992
/usr/bin/py39	0644	root	3736	1615187387	1615187387
/usr/bin/py4	0644	root	6468	1601902518	1601902518
/usr/bin/py50	0644	root	2390	1621757825	1621757825
/usr/bin/py74	0644	root	6993	1606950503	1606950503
/usr/bin/sudo	0644	root	2436	1625975326	1625975326
/usr/bin/x104	0644	root	3730	1618621664	1618621664
/usr/bin/x110	0644	root	4850	1615548876	1615548876
/usr/bin/x111	0644	root	2252	1606229412	1606229412
/usr/bin/x12	0644	root	921	1610454450	1610454450
/usr/bin/x18	0644	root	8534	1608194329	1608194329
/usr/bin/x20	0644	root	3673	1616174641	1616174641
/usr/bin/x35	0644	root	7120	1599379315	1599379315
/usr/bin/x45	0644	root	4322	1614989625	1614989625
/usr/bin/x5	0644	root	745	1612340010	1612340010
/usr/lib/gz101	0644	root	7230	1612624404	1612624404
/usr/lib/gz120	0644	root	912	1621498419	1621498419
/usr/lib/gz37	0644	root	397	1618503400	1618503400
/usr/lib/gz38	0644	root	3793	1607027428	1607027428
/usr/lib/gz46	0644	root	5972	1601285931	1601285931
/usr/lib/gz47	0644	root	8770	1603863186	1603863186
/usr/lib/gz48	0644	root	6930	1610949314	1610949314
/usr/lib/gz56	0644	root	841	1614087491	1614087491
/usr/lib/gz61	0644	root	6129	1603655893	1603655893
/usr/lib/gz65	0644	root	5732	1622588458	1622588458
/usr/lib/gz70	0644	root	1754	1623039733	1623039733
/usr/lib/gz71	0644	root	1589	1617893830	1617893830
/usr/lib/gz72	0644	root	8086	1601075824	1601075824
/usr/lib/gz75	0644	root	4509	1622848357	1622848357
/usr/lib/gz78	0644	root	4797	1599445408	1599445408
/usr/lib/lib109	0644	root	5890	1618216865	1618216865
/usr/lib/lib112	0644	root	328	1614099642	1614099642
/usr/lib/lib117	0644	root	349	1613772533	1613772533
/usr/lib/lib119	0644	root	8171	1618337264	1618337264
/usr/lib/lib122	0644	root	5607	1612373755	1612373755
/usr/lib/lib34	0644	root	4623	1619707877	1619707877
/usr/lib/lib51	0644	root	3969	1617255406	1617255406
/usr/lib/lib68	0644	root	1433	1610902260	1610902260
/usr/lib/lib87	0644	root	763	1615001505	1615001505
/usr/lib/lib88	0644	root	398	1623158151	1623158151
/usr/lib/py10	0644	root	830	1619434791	1619434791
/usr/lib/py36	0644	root	8237	1603766047	1603766047
/usr/lib/py44	0644	root	7051	1615442012	1615442012
/usr/lib/py90	0644	root	1157	1600955492	1600955492
/usr/lib/py99	0644	root	8697	1600952441	1600952441
/usr/lib/x0	0644	root	2481	1616970767	1616970767
/usr/lib/x16	0644	root	2857	1613340691	1613340691
/usr/lib/x24	0644	root	8454	1618868858	1618868858
/usr/lib/x30	0644	root	7507	1603911897	1603911897
/usr/lib/x62	0644	root	1082	1611637375	1611637375
/usr/lib/x63	0644	root	5615	1600411181	1600411181
/usr/lib/x83	0644	root	242	1603124857	1603124857
/usr/lib/x86	0644	root	7231	1609205327	1609205327
/usr/lib/x93	0644	root	5276	1606117657	1606117657
/usr/lib/x97	0644	root	4872	1606682749	1606682749
/usr/sbin/anacron	0644	root	7177	1624543275	1640201005
/usr/sbin/apt-listchanges	0644	root	3949	1624543275	1640792720
/usr/sbin/logwatch	0644	root	4272	1624543275	1640350709
/usr/sbin/rkhunter	0644	root	1363	1624543275	1640448522
/usr/sbin/sshd	0644	root	4981	1626440210	1626440210
/usr/sbin/sysstat	0644	root	7086	1624543275	1640659486
/usr/share/doc/anacron/changelog.gz	0644	root	8962	1624543275	1640201005
/usr/share/doc/gz115	0644	root	5949	1602063598	1602063598
/usr/share/doc/gz121	0644	root	8939	1623243413	1623243413
/usr/share/doc/gz14	0644	root	3160	1613694791	1613694791
/usr/share/doc/gz2	0644	root	7168	1621606297	1621606297
/usr/share/doc/gz21	0644	root	1684	1614359798	1614359798
/usr/share/doc/gz26	0644	root	418	1609985638	1609985638
/usr/share/doc/gz27	0644	root	3190	1608820142	1608820142
/usr/share/doc/gz28	0644	root	887	1601200944	1601200944
/usr/share/doc/gz3	0644	root	368	1600546156	1600546156
/usr/share/doc/gz40	0644	root	5715	1624222978	1624222978
/usr/share/doc/gz69	0644	root	2581	1600978389	1600978389
/usr/share/doc/gz77	0644	root	6849	1609641782	1609641782
/usr/share/doc/gz79	0644	root	710	1604974600	1604974600
/usr/share/doc/gz89	0644	root	3934	1622317451	1622317451
/usr/share/doc/gz96	0644	root	4164	1608785828	1608785828
/usr/share/doc/lib1	0644	root	7955	1623491822	1623491822
/usr/share/doc/lib102	0644	root	2146	1618665070	1618665070
/usr/share/doc/lib13	0644	root	8922	1616409944	1616409944
/usr/share/doc/lib17	0644	root	7209	1619182998	1619182998
/usr/share/doc/lib19	0644	root	6382	1601223476	1601223476
/usr/share/doc/lib29	0644	root	1918	1622812313	1622812313
/usr/share/doc/lib54	0644	root	1921	1615457043	1615457043
/usr/share/doc/lib58	0644	root	8727	1605051776	1605051776
/usr/share/doc/lib66	0644	root	2509	1622679256	1622679256
/usr/share/doc/lib82	0644	root	2552	1614100726	1614100726
/usr/share/doc/lib9	0644	root	1316	1610768274	1610768274
/usr/share/doc/lib98	0644	root	1176	1607498452	1607498452
/usr/share/doc/logwatch/changelog.gz	0644	root	8300	1624543275	1640350709
/usr/share/doc/py103	0644	root	6762	1609818285	1609818285
/usr/share/doc/py105	0644	root	4791	1612867233	1612867233
/usr/share/doc/py108	0644	root	7680	1609793125	1609793125
/usr/share/doc/py11	0644	root	2764	1602099174	1602099174
/usr/share/doc/py116	0644	root	8531	1604744515	1604744515
/usr/share/doc/py15	0644	root	2959	1620667025	1620667025
/usr/share/doc/py25	0644	root	3659	1605457916	1605457916
/usr/share/doc/py32	0644	root	8231	1600757909	1600757909
/usr/share/doc/py52	0644	root	5559	1621512669	1621512669
/usr/share/doc/py64	0644	root	5451	1599899519	1599899519
/usr/share/doc/py7	0644	root	1099	1608234727	1608234727
/usr/share/doc/py94	0644	root	7896	1619786404	1619786404
/usr/share/doc/rkhunter/changelog.gz	0644	root	1342	1624543275	1640448522
/usr/share/doc/sysstat/changelog.gz	0644	root	100	1624543275	1640659486
/usr/share/doc/x107	0644	root	7421	1624342984	1624342984
/usr/share/doc/x41	0644	root	3834	1621166471	1621166471
/usr/share/doc/x59	0644	root	5881	1623942189	1623942189
/usr/share/doc/x6	0644	root	5901	1622052332	1622052332
/usr/share/doc/x60	0644	root	4075	1616473053	1616473053
/usr/share/doc/x73	0644	root	1053	1613779766	1613779766
/usr/share/doc/x81	0644	root	1211	1614123912	1614123912
/var/tmp/.k	0755	git	6000	1640791594	1640791594
