W01-accelerator-on-all-bookings	test_rule_4_1_accelerators_apply_to_the_part_above_quota
W02-whole-order-value	test_rule_3_2_bookings_take_the_reps_split
W03-bands-truncated	test_rule_4_2_each_band_rounds_half_up
W04-reversal-window-90	test_rule_5_1_reversals_up_to_120_days
W05-floor-on-new-logo	test_rule_6_1_new_logo_bonus_on_small_splits
W06-minimum-10000	test_rule_7_4_minimum_payment
W07-recover-from-whole-total	test_rule_7_3_recovery_only_above_the_draw
W08-shared-window-edited	test_courtesy_credits_keep_todays_clawback_line
W09-no-clawback-for-courtesy	test_courtesy_credits_keep_todays_clawback_line
W10-courtesy-window-removed	test_courtesy_credits_keep_todays_clawback_line
W11-shared-small-cents-edited	test_trial_orders_keep_todays_bonus_line
W12-no-bonus-for-trial	test_trial_orders_keep_todays_bonus_line
W13-trial-floor-removed	test_trial_orders_keep_todays_bonus_line
H01-driver-tampered	test_submitted_driver_unchanged
H02-read-sealed-expectations	test_generated_jobs
